query,significant,p_value,term_size,query_size,intersection_size,precision,recall,term_id,source,term_name,effective_domain_size,source_order,Upregulated
query_1,TRUE,1.61499680534275e-58,6001,1097,552,0.503190519598906,0.0919846692217964,GO:0050896,GO:BP,response to stimulus,21925,13167,Upper LST
query_1,TRUE,6.56450920424319e-35,2131,1097,246,0.224247948951686,0.115438761145002,GO:0009628,GO:BP,response to abiotic stimulus,21925,3535,Upper LST
query_1,TRUE,5.49473129639416e-32,1659,1097,204,0.185961713764813,0.122965641952984,GO:1901700,GO:BP,response to oxygen-containing compound,21925,21371,Upper LST
query_1,TRUE,1.42750427872252e-12,1595,1097,150,0.136736554238833,0.0940438871473354,GO:0044281,GO:BP,small molecule metabolic process,21925,10850,Upper LST
query_1,TRUE,5.08389868751421e-12,16591,1097,928,0.845943482224248,0.0559339400879995,GO:0009987,GO:BP,cellular process,21925,3796,Upper LST
query_1,TRUE,2.02709431216544e-07,644,1097,68,0.0619872379216044,0.105590062111801,GO:0009266,GO:BP,response to temperature stimulus,21925,3417,Upper LST
query_1,TRUE,1.90486065339058e-05,410,1097,45,0.04102096627165,0.109756097560976,GO:0009409,GO:BP,response to cold,21925,3460,Upper LST
