query,significant,p_value,term_size,query_size,intersection_size,precision,recall,term_id,source,term_name,effective_domain_size,source_order,Upregulated
query_1,TRUE,9.63572586156575e-57,6001,1603,733,0.457267623206488,0.122146308948509,GO:0050896,GO:BP,response to stimulus,21925,13167,Spring
query_1,TRUE,8.36903163351735e-51,3733,1603,515,0.321272613849033,0.137958746316635,GO:0006950,GO:BP,response to stress,21925,2571,Spring
query_1,TRUE,9.84283566315728e-33,2131,1603,313,0.195258889582034,0.146879399343031,GO:0009628,GO:BP,response to abiotic stimulus,21925,3535,Spring
query_1,TRUE,1.7475527273817e-28,1659,1603,253,0.157829070492826,0.152501506931887,GO:1901700,GO:BP,response to oxygen-containing compound,21925,21371,Spring
query_1,TRUE,5.50676750267688e-16,16591,1603,1349,0.841547099189021,0.0813091435115424,GO:0009987,GO:BP,cellular process,21925,3796,Spring
query_1,TRUE,6.30499625943933e-15,1595,1603,207,0.129132875857767,0.129780564263323,GO:0044281,GO:BP,small molecule metabolic process,21925,10850,Spring
query_1,TRUE,4.50285401836453e-13,1684,1603,209,0.130380536494074,0.124109263657957,GO:0009605,GO:BP,response to external stimulus,21925,3519,Spring
query_1,TRUE,2.45558981039834e-06,644,1603,85,0.0530255770430443,0.131987577639752,GO:0009266,GO:BP,response to temperature stimulus,21925,3417,Spring
