"","Variance","F","Pr..F.","contrib(%)","Weather variable"
"1",0.411133589476749,108.729199034238,0.000999000999000999,23.6566404687657,"Dew point (°C)"
"2",0.242639435892572,64.1689032323898,0.000999000999000999,13.9614812444784,"Precipitation (mm)"
"3",0.537428133400853,142.129302929273,0.000999000999000999,30.9236327439085,"Soil temperature (°C)"
"4",0.115135270961792,30.4489005828933,0.000999000999000999,6.62488733621478,"Wind speed (km/h)"
"5",0.0903109746650461,23.8838182786987,0.000999000999000999,5.19649649826441,"Sunshine duration (s)"
"6",0.0425102545444938,11.2423456649381,0.000999000999000999,2.44604146616844,"Air temperature (°C)"
"7",0.298762778322588,79.0113929382448,0.000999000999000999,17.1908202422043,"Relative humidity (%)"
